Alien;Testing filas
Avatar;Testing filas
Blade Runner;Testing filas
Braveheart;Testing filas
Dodgeball;Testing filas
Forest Gump;Testing filas
Gladiator;Testing filas
Jaws;Testing filas
Kazaam;Testing filas
Lord of the Rings;Testing filas
Napolean Dynamite;Testing filas
Old School;Testing filas
Pootie Tang;Testing filas
Pulp Fiction;Testing filas
Scarface;Testing filas
Shawshank Redemption;Testing filas
Snakes on a Plane;Testing filas
Spiderman;Testing filas
Star Wars;Testing filas
The Dark Knight;Testing filas
The Happening;Testing filas
The Matrix;Testing filas
Toy Story;Testing filas
Village;Testing filas
You Got Mail;Testing filas
