"Patrick C";"Testing users"
"Heather";"Testing users"
"Bryan";"Testing users"
"Patrick T";"Testing users"
"Thomas";"Testing users"
"aaron";"Testing users"
"vanessa";"Testing users"
"greg";"Testing users"
"brian";"Testing users"
"ben";"Testing users"
"Katherine";"Testing users"
"Jonathan";"Testing users"
"Zwe";"Testing users"
"Erin";"Testing users"
"Chris";"Testing users"
"Zak";"Testing users"
"Matt";"Testing users"
"Chris2";"Testing users"
"Josh";"Testing users"
"Amy";"Testing users"
"Valerie";"Testing users"
"Gary";"Testing users"
"Stephen";"Testing users"
"Jessica";"Testing users"
"Jeff";"Testing users"
